Epoch,Train Loss,Train Acc,Valid Loss,Valid Acc,Test Loss,Test Acc
1,0.45462239551265304,0.8188433992777325,1.8420716364037093,0.47064751826656587,1.7930579106593658,0.47829008146468466
